rcp26_raw,rcp85_raw,rcp26_smooth,rcp85_smooth
2.900418997,13.0101223,3.373429566,12.98981018
2.900418997,13.0101223,3.353878481,12.97853919
2.900418997,13.0101223,3.334327396,12.9672682
2.900418997,13.0101223,3.314776311,12.95599721
2.900418997,13.0101223,3.295225225,12.94472622
2.900418997,13.0101223,3.27567414,12.93345523
2.900418997,13.0101223,3.259139644,12.89631425
2.900418997,13.0101223,3.242605149,12.85917326
2.900418997,13.0101223,3.226070653,12.82203228
2.900418997,13.0101223,3.209536157,12.78489129
2.900418997,13.0101223,3.193001661,12.74775031
2.900418997,13.0101223,3.176467166,12.71060933
2.900418997,13.0101223,3.15993267,12.67346834
2.900418997,13.0101223,3.143398174,12.63632736
2.900418997,13.0101223,3.126863678,12.59918637
2.900418997,13.0101223,3.110329183,12.56204539
2.900418997,13.0101223,3.096901083,12.51698651
2.900418997,13.0101223,3.083472984,12.47192763
2.900418997,13.0101223,3.070044884,12.42686876
2.900418997,13.0101223,3.056616785,12.38180988
2.900418997,13.0101223,3.043188685,12.33675101
2.900418997,13.0101223,3.029760586,12.29169213
2.900418997,13.0101223,3.016332486,12.24663326
2.900418997,13.0101223,3.002904387,12.20157438
2.900418997,13.0101223,2.989476287,12.15651551
2.900418997,13.0101223,2.976048188,12.11145663
2.900418997,13.0101223,2.970710838,12.06029077
2.900418997,13.0101223,2.965373488,12.0091249
2.900418997,13.0101223,2.960036138,11.95795904
2.900418997,13.0101223,2.954698788,11.90679318
2.900418997,13.0101223,2.949361437,11.85562731
2.929741383,10.81303215,2.944024087,11.80446145
2.929741383,10.81303215,2.938686737,11.75329559
2.929741383,10.81303215,2.933349387,11.70212972
2.929741383,10.81303215,2.928012037,11.65096386
2.929741383,10.81303215,2.922674687,11.599798
2.929741383,10.81303215,2.922717917,11.54187298
2.929741383,10.81303215,2.922761148,11.48394795
2.929741383,10.81303215,2.922804378,11.42602293
2.929741383,10.81303215,2.922847609,11.36809791
2.929741383,10.81303215,2.922890839,11.31017289
2.929741383,10.81303215,2.922934069,11.25224786
2.929741383,10.81303215,2.9229773,11.19432284
2.929741383,10.81303215,2.92302053,11.13639782
2.929741383,10.81303215,2.923063761,11.0784728
2.929741383,10.81303215,2.923106991,11.02054777
2.929741383,10.81303215,2.923138469,10.96377799
2.929741383,10.81303215,2.923169947,10.90700821
2.929741383,10.81303215,2.923201424,10.85023843
2.929741383,10.81303215,2.923232902,10.79346864
2.929741383,10.81303215,2.92326438,10.73669886
2.929741383,10.81303215,2.923295857,10.67992908
2.929741383,10.81303215,2.923327335,10.62315929
2.929741383,10.81303215,2.923358813,10.56638951
2.929741383,10.81303215,2.92339029,10.50961973
2.929741383,10.81303215,2.923421768,10.45284994
2.929741383,10.81303215,2.919281978,10.403043
2.929741383,10.81303215,2.915142189,10.35323606
2.929741383,10.81303215,2.911002399,10.30342911
2.929741383,10.81303215,2.906862609,10.25362217
2.929400444,9.576442719,2.90272282,10.20381523
2.929400444,9.576442719,2.89858303,10.15400829
2.929400444,9.576442719,2.89444324,10.10420134
2.929400444,9.576442719,2.890303451,10.0543944
2.929400444,9.576442719,2.886163661,10.00458746
2.929400444,9.576442719,2.882023871,9.954780513
2.929400444,9.576442719,2.871150223,9.902390596
2.929400444,9.576442719,2.860276576,9.850000679
2.929400444,9.576442719,2.849402928,9.797610762
2.929400444,9.576442719,2.83852928,9.745220845
2.929400444,9.576442719,2.827655633,9.692830927
2.929400444,9.576442719,2.816781985,9.64044101
2.929400444,9.576442719,2.805908337,9.588051093
2.929400444,9.576442719,2.795034689,9.535661176
2.929400444,9.576442719,2.784161042,9.483271259
2.929400444,9.576442719,2.773287394,9.430881342
2.929400444,9.576442719,2.759472293,9.377941575
2.929400444,9.576442719,2.745657192,9.325001809
2.929400444,9.576442719,2.731842091,9.272062042
2.929400444,9.576442719,2.71802699,9.219122275
2.929400444,9.576442719,2.704211889,9.166182509
2.929400444,9.576442719,2.690396788,9.113242742
2.929400444,9.576442719,2.676581687,9.060302976
2.929400444,9.576442719,2.662766586,9.007363209
2.929400444,9.576442719,2.648951485,8.954423443
2.929400444,9.576442719,2.635136384,8.901483676
2.929400444,9.576442719,2.624273007,8.855763668
2.929400444,9.576442719,2.613409631,8.810043659
2.929400444,9.576442719,2.602546254,8.764323651
2.929400444,9.576442719,2.591682877,8.718603643
2.929400444,9.576442719,2.580819501,8.672883634
2.162474632,7.612800121,2.569956124,8.627163626
2.162474632,7.612800121,2.559092747,8.581443618
2.162474632,7.612800121,2.548229371,8.535723609
2.162474632,7.612800121,2.537365994,8.490003601
2.162474632,7.612800121,2.526502617,8.444283593
2.162474632,7.612800121,2.519078061,8.404736763
2.162474632,7.612800121,2.511653504,8.365189933
2.162474632,7.612800121,2.504228947,8.325643103
2.162474632,7.612800121,2.49680439,8.286096274
2.162474632,7.612800121,2.489379834,8.246549444
2.162474632,7.612800121,2.481955277,8.207002614
2.162474632,7.612800121,2.47453072,8.167455784
2.162474632,7.612800121,2.467106163,8.127908954
2.162474632,7.612800121,2.459681607,8.088362124
2.162474632,7.612800121,2.45225705,8.048815295
2.162474632,7.612800121,2.448151963,8.015068892
2.162474632,7.612800121,2.444046877,7.98132249
2.162474632,7.612800121,2.43994179,7.947576088
2.162474632,7.612800121,2.435836704,7.913829686
2.162474632,7.612800121,2.431731617,7.880083284
2.162474632,7.612800121,2.427626531,7.846336881
2.162474632,7.612800121,2.423521444,7.812590479
2.162474632,7.612800121,2.419416358,7.778844077
2.162474632,7.612800121,2.415311271,7.745097675
2.162474632,7.612800121,2.411206185,7.711351273
2.162474632,7.612800121,2.413054318,7.692832125
2.162474632,7.612800121,2.414902452,7.674312978
2.162474632,7.612800121,2.416750585,7.655793831
2.162474632,7.612800121,2.418598719,7.637274684
2.162474632,7.612800121,2.420446852,7.618755536
2.618224859,7.456746101,2.422294986,7.600236389
2.618224859,7.456746101,2.424143119,7.581717242
2.618224859,7.456746101,2.425991252,7.563198095
2.618224859,7.456746101,2.427839386,7.544678947
2.618224859,7.456746101,2.429687519,7.5261598
2.618224859,7.456746101,2.435291362,7.518796439
2.618224859,7.456746101,2.440895205,7.511433079
2.618224859,7.456746101,2.446499048,7.504069718
2.618224859,7.456746101,2.452102891,7.496706357
2.618224859,7.456746101,2.457706734,7.489342996
2.618224859,7.456746101,2.463310577,7.481979636
2.618224859,7.456746101,2.46891442,7.474616275
2.618224859,7.456746101,2.474518264,7.467252914
2.618224859,7.456746101,2.480122107,7.459889553
2.618224859,7.456746101,2.48572595,7.452526193
2.618224859,7.456746101,2.489060435,7.445673772
2.618224859,7.456746101,2.492394921,7.438821351
2.618224859,7.456746101,2.495729406,7.43196893
2.618224859,7.456746101,2.499063892,7.425116509
2.618224859,7.456746101,2.502398377,7.418264088
2.618224859,7.456746101,2.505732863,7.411411667
2.618224859,7.456746101,2.509067349,7.404559246
2.618224859,7.456746101,2.512401834,7.397706825
2.618224859,7.456746101,2.51573632,7.390854404
2.618224859,7.456746101,2.519070805,7.384001983
2.618224859,7.456746101,2.515245901,7.367489745
2.618224859,7.456746101,2.511420997,7.350977507
2.618224859,7.456746101,2.507596093,7.334465269
2.618224859,7.456746101,2.503771189,7.317953031
2.618224859,7.456746101,2.499946285,7.301440793
2.618224859,7.456746101,2.496121381,7.284928555
2.451334953,7.250707626,2.492296477,7.268416318
2.451334953,7.250707626,2.488471574,7.25190408
2.451334953,7.250707626,2.48464667,7.235391842
2.451334953,7.250707626,2.480821766,7.218879604
2.451334953,7.250707626,2.468776837,7.182453156
2.451334953,7.250707626,2.456731909,7.146026708
2.451334953,7.250707626,2.444686981,7.109600261
2.451334953,7.250707626,2.432642053,7.073173813
2.451334953,7.250707626,2.420597125,7.036747365
2.451334953,7.250707626,2.408552196,7.000320918
2.451334953,7.250707626,2.396507268,6.96389447
2.451334953,7.250707626,2.38446234,6.927468022
2.451334953,7.250707626,2.372417412,6.891041575
2.451334953,7.250707626,2.360372484,6.854615127
2.451334953,7.250707626,2.345496124,6.809520468
2.451334953,7.250707626,2.330619764,6.764425809
2.451334953,7.250707626,2.315743404,6.71933115
2.451334953,7.250707626,2.300867044,6.674236491
2.451334953,7.250707626,2.285990684,6.629141832
2.451334953,7.250707626,2.271114324,6.584047173
2.451334953,7.250707626,2.256237965,6.538952514
2.451334953,7.250707626,2.241361605,6.493857855
2.451334953,7.250707626,2.226485245,6.448763196
2.451334953,7.250707626,2.211608885,6.403668537
2.451334953,7.250707626,2.195967243,6.360173971
2.451334953,7.250707626,2.1803256,6.316679404
2.451334953,7.250707626,2.164683958,6.273184838
2.451334953,7.250707626,2.149042316,6.229690271
2.451334953,7.250707626,2.133400674,6.186195705
2.451334953,7.250707626,2.117759032,6.142701138
1.77990365,4.964913368,2.102117389,6.099206572
1.77990365,4.964913368,2.086475747,6.055712005
1.77990365,4.964913368,2.070834105,6.012217439
1.77990365,4.964913368,2.055192463,5.968722872
1.77990365,4.964913368,2.03835471,5.92565822
1.77990365,4.964913368,2.021516956,5.882593568
1.77990365,4.964913368,2.004679203,5.839528916
1.77990365,4.964913368,1.98784145,5.796464264
1.77990365,4.964913368,1.971003697,5.753399612
1.77990365,4.964913368,1.954165944,5.71033496
1.77990365,4.964913368,1.93732819,5.667270308
1.77990365,4.964913368,1.920490437,5.624205656
1.77990365,4.964913368,1.903652684,5.581141003
1.77990365,4.964913368,1.886814931,5.538076351
1.77990365,4.964913368,1.870627731,5.499812029
1.77990365,4.964913368,1.85444053,5.461547707
1.77990365,4.964913368,1.83825333,5.423283385
1.77990365,4.964913368,1.82206613,5.385019063
1.77990365,4.964913368,1.80587893,5.346754741
1.77990365,4.964913368,1.789691729,5.308490419
1.77990365,4.964913368,1.773504529,5.270226096
1.77990365,4.964913368,1.757317329,5.231961774
1.77990365,4.964913368,1.741130128,5.193697452
1.77990365,4.964913368,1.724942928,5.15543313
1.77990365,4.964913368,1.714341758,5.139593231
1.77990365,4.964913368,1.703740587,5.123753332
1.77990365,4.964913368,1.693139417,5.107913433
1.77990365,4.964913368,1.682538246,5.092073535
1.77990365,4.964913368,1.671937076,5.076233636
1.77990365,4.964913368,1.661335906,5.060393737
1.77990365,4.964913368,1.650734735,5.044553838
1.449507117,4.926543236,1.640133565,5.028713939
1.449507117,4.926543236,1.629532394,5.01287404
1.449507117,4.926543236,1.618931224,4.997034141
1.449507117,4.926543236,1.614732211,5.003535394
1.449507117,4.926543236,1.610533198,5.010036646
1.449507117,4.926543236,1.606334185,5.016537899
1.449507117,4.926543236,1.602135172,5.023039151
1.449507117,4.926543236,1.597936159,5.029540404
1.449507117,4.926543236,1.593737146,5.036041656
1.449507117,4.926543236,1.589538133,5.042542909
1.449507117,4.926543236,1.585339119,5.049044161
1.449507117,4.926543236,1.581140106,5.055545413
1.449507117,4.926543236,1.576941093,5.062046666
1.449507117,4.926543236,1.575821347,5.075774753
1.449507117,4.926543236,1.574701601,5.089502839
1.449507117,4.926543236,1.573581855,5.103230926
1.449507117,4.926543236,1.572462109,5.116959013
1.449507117,4.926543236,1.571342363,5.1306871
1.449507117,4.926543236,1.570222617,5.144415186
1.449507117,4.926543236,1.569102871,5.158143273
1.449507117,4.926543236,1.567983125,5.17187136
1.449507117,4.926543236,1.566863379,5.185599446
1.449507117,4.926543236,1.565743633,5.199327533
1.449507117,4.926543236,1.572723446,5.224748958
1.449507117,4.926543236,1.579703259,5.250170383
1.449507117,4.926543236,1.586683072,5.275591807
1.449507117,4.926543236,1.593662885,5.301013232
1.449507117,4.926543236,1.600642698,5.326434657
1.449507117,4.926543236,1.607622511,5.351856081
1.449507117,4.926543236,1.614602324,5.377277506
1.449507117,4.926543236,1.621582137,5.402698931
1.690865874,5.704314232,1.62856195,5.428120356
1.690865874,5.704314232,1.635541763,5.45354178
1.690865874,5.704314232,1.658606937,5.501992186
1.690865874,5.704314232,1.681672112,5.550442592
1.690865874,5.704314232,1.704737287,5.598892999
1.690865874,5.704314232,1.727802461,5.647343405
1.690865874,5.704314232,1.750867636,5.695793811
1.690865874,5.704314232,1.773932811,5.744244217
1.690865874,5.704314232,1.796997985,5.792694623
1.690865874,5.704314232,1.82006316,5.841145029
1.690865874,5.704314232,1.843128335,5.889595435
1.690865874,5.704314232,1.866193509,5.938045841
1.690865874,5.704314232,1.894409226,5.99702131
1.690865874,5.704314232,1.922624943,6.055996779
1.690865874,5.704314232,1.950840659,6.114972248
1.690865874,5.704314232,1.979056376,6.173947716
1.690865874,5.704314232,2.007272093,6.232923185
1.690865874,5.704314232,2.035487809,6.291898654
1.690865874,5.704314232,2.063703526,6.350874123
1.690865874,5.704314232,2.091919242,6.409849591
1.690865874,5.704314232,2.120134959,6.46882506
1.690865874,5.704314232,2.148350676,6.527800529
1.690865874,5.704314232,2.177462182,6.592772657
1.690865874,5.704314232,2.206573689,6.657744785
1.690865874,5.704314232,2.235685196,6.722716913
1.690865874,5.704314232,2.264796702,6.787689042
1.690865874,5.704314232,2.293908209,6.85266117
1.690865874,5.704314232,2.323019716,6.917633298
1.690865874,5.704314232,2.352131222,6.982605426
1.690865874,5.704314232,2.381242729,7.047577555
2.991551399,8.207302094,2.410354235,7.112549683
2.991551399,8.207302094,2.439465742,7.177521811
2.991551399,8.207302094,2.474035666,7.265858571
2.991551399,8.207302094,2.50860559,7.354195331
2.991551399,8.207302094,2.543175514,7.442532091
2.991551399,8.207302094,2.577745437,7.530868851
2.991551399,8.207302094,2.612315361,7.619205611
2.991551399,8.207302094,2.646885285,7.707542371
2.991551399,8.207302094,2.681455209,7.79587913
2.991551399,8.207302094,2.716025133,7.88421589
2.991551399,8.207302094,2.750595057,7.97255265
2.991551399,8.207302094,2.78516498,8.06088941
2.991551399,8.207302094,2.824348127,8.165098296
2.991551399,8.207302094,2.863531274,8.269307183
2.991551399,8.207302094,2.902714421,8.373516069
2.991551399,8.207302094,2.941897568,8.477724955
2.991551399,8.207302094,2.981080715,8.581933842
2.991551399,8.207302094,3.020263862,8.686142728
2.991551399,8.207302094,3.059447009,8.790351614
2.991551399,8.207302094,3.098630156,8.894560501
2.991551399,8.207302094,3.137813303,8.998769387
2.991551399,8.207302094,3.17699645,9.102978273
2.991551399,8.207302094,3.206407452,9.199715571
2.991551399,8.207302094,3.235818455,9.296452869
2.991551399,8.207302094,3.265229458,9.393190167
2.991551399,8.207302094,3.29464046,9.489927465
2.991551399,8.207302094,3.324051463,9.586664762
2.991551399,8.207302094,3.353462465,9.68340206
2.991551399,8.207302094,3.382873468,9.780139358
2.991551399,8.207302094,3.41228447,9.876876656
2.991551399,8.207302094,3.441695473,9.973613954
4.317817211,12.10677719,3.471106475,10.07035125
4.317817211,12.10677719,3.487978776,10.15915137
4.317817211,12.10677719,3.504851076,10.24795149
4.317817211,12.10677719,3.521723376,10.33675161
4.317817211,12.10677719,3.538595676,10.42555173
4.317817211,12.10677719,3.555467977,10.51435185
4.317817211,12.10677719,3.572340277,10.60315197
4.317817211,12.10677719,3.589212577,10.69195209
4.317817211,12.10677719,3.606084878,10.78075221
4.317817211,12.10677719,3.622957178,10.86955233
4.317817211,12.10677719,3.639829478,10.95835245
4.317817211,12.10677719,3.656688501,11.0500027
4.317817211,12.10677719,3.673547524,11.14165294
4.317817211,12.10677719,3.690406548,11.23330319
4.317817211,12.10677719,3.707265571,11.32495344
4.317817211,12.10677719,3.724124594,11.41660369
4.317817211,12.10677719,3.740983617,11.50825393
4.317817211,12.10677719,3.75784264,11.59990418
4.317817211,12.10677719,3.774701663,11.69155443
4.317817211,12.10677719,3.791560686,11.78320468
4.317817211,12.10677719,3.808419709,11.87485492
4.317817211,12.10677719,3.823247484,11.94484888
4.317817211,12.10677719,3.838075259,12.01484283
4.317817211,12.10677719,3.852903034,12.08483678
4.317817211,12.10677719,3.867730809,12.15483073
4.317817211,12.10677719,3.882558584,12.22482469
4.317817211,12.10677719,3.897386359,12.29481864
4.317817211,12.10677719,3.912214134,12.36481259
4.317817211,12.10677719,3.927041909,12.43480654
4.317817211,12.10677719,3.941869684,12.5048005
3.798794746,13.22350979,3.956697459,12.57479445
3.798794746,13.22350979,3.944245691,12.60242808
3.798794746,13.22350979,3.931793923,12.63006172
3.798794746,13.22350979,3.919342155,12.65769536
3.798794746,13.22350979,3.906890387,12.68532899
3.798794746,13.22350979,3.894438619,12.71296263
3.798794746,13.22350979,3.881986851,12.74059626
3.798794746,13.22350979,3.869535083,12.7682299
3.798794746,13.22350979,3.857083315,12.79586353
3.798794746,13.22350979,3.844631547,12.82349717
3.798794746,13.22350979,3.832179779,12.85113081
3.798794746,13.22350979,3.807586702,12.86663163
3.798794746,13.22350979,3.782993625,12.88213245
3.798794746,13.22350979,3.758400549,12.89763328
3.798794746,13.22350979,3.733807472,12.9131341
3.798794746,13.22350979,3.709214395,12.92863493
3.798794746,13.22350979,3.684621318,12.94413575
3.798794746,13.22350979,3.660028241,12.95963658
3.798794746,13.22350979,3.635435164,12.9751374
3.798794746,13.22350979,3.610842088,12.99063823
3.798794746,13.22350979,3.586249011,13.00613905
3.798794746,13.22350979,3.564428451,13.00838389
3.798794746,13.22350979,3.54260789,13.01062872
3.798794746,13.22350979,3.52078733,13.01287356
3.798794746,13.22350979,3.49896677,13.0151184
3.798794746,13.22350979,3.47714621,13.01736323
3.798794746,13.22350979,3.45532565,13.01960807
3.798794746,13.22350979,3.43350509,13.02185291
3.798794746,13.22350979,3.411684529,13.02409775
3.798794746,13.22350979,3.389863969,13.02634258