DOY,lon,lat,temp,rcp26,rcp85,rcp26Smoothed,rcp85Smoothed,rcp26added,rcp85added
1,-114.2879028,63.39672852,-15.06888773,2.74160862,10.97386837,2.820245929,10.86310407,-12.2486418,-4.205783664
2,-114.2879028,63.39672852,-15.13901956,2.74160862,10.97386837,2.815066844,10.87080506,-12.32395271,-4.268214494
3,-114.2879028,63.39672852,-15.20915138,2.74160862,10.97386837,2.809887759,10.87850606,-12.39926362,-4.330645324
4,-114.2879028,63.39672852,-15.27928321,2.74160862,10.97386837,2.804708675,10.88620706,-12.47457454,-4.393076154
5,-114.2879028,63.39672852,-15.34941504,2.74160862,10.97386837,2.79952959,10.89390806,-12.54988545,-4.455506985
6,-114.2879028,63.39672852,-15.41954687,2.74160862,10.97386837,2.794350505,10.90160905,-12.62519636,-4.517937815
7,-114.2879028,63.39672852,-15.47899451,2.74160862,10.97386837,2.790121212,10.8977857,-12.6888733,-4.581208809
8,-114.2879028,63.39672852,-15.53844215,2.74160862,10.97386837,2.785891919,10.89396235,-12.75255023,-4.644479802
9,-114.2879028,63.39672852,-15.59788979,2.74160862,10.97386837,2.781662627,10.890139,-12.81622716,-4.707750796
10,-114.2879028,63.39672852,-15.65733743,2.74160862,10.97386837,2.777433334,10.88631564,-12.8799041,-4.77102179
11,-114.2879028,63.39672852,-15.71678507,2.74160862,10.97386837,2.773204041,10.88249229,-12.94358103,-4.834292783
12,-114.2879028,63.39672852,-15.77623271,2.74160862,10.97386837,2.768974749,10.87866894,-13.00725797,-4.897563777
13,-114.2879028,63.39672852,-15.83568036,2.74160862,10.97386837,2.764745456,10.87484559,-13.0709349,-4.960834771
14,-114.2879028,63.39672852,-15.895128,2.74160862,10.97386837,2.760516163,10.87102223,-13.13461183,-5.024105764
15,-114.2879028,63.39672852,-15.95457564,2.74160862,10.97386837,2.756286871,10.86719888,-13.19828877,-5.087376758
16,-114.2879028,63.39672852,-16.01402328,2.74160862,10.97386837,2.752057578,10.86337553,-13.2619657,-5.150647752
17,-114.2879028,63.39672852,-16.05935178,2.74160862,10.97386837,2.750852619,10.80356317,-13.30849916,-5.255788615
18,-114.2879028,63.39672852,-16.10468028,2.74160862,10.97386837,2.74964766,10.7437508,-13.35503262,-5.360929477
19,-114.2879028,63.39672852,-16.15000878,2.74160862,10.97386837,2.748442701,10.68393844,-13.40156608,-5.46607034
20,-114.2879028,63.39672852,-16.19533728,2.74160862,10.97386837,2.747237742,10.62412608,-13.44809954,-5.571211203
21,-114.2879028,63.39672852,-16.24066578,2.74160862,10.97386837,2.746032783,10.56431372,-13.494633,-5.676352066
22,-114.2879028,63.39672852,-16.28599429,2.74160862,10.97386837,2.744827824,10.50450136,-13.54116646,-5.781492929
23,-114.2879028,63.39672852,-16.33132279,2.74160862,10.97386837,2.743622865,10.44468899,-13.58769992,-5.886633792
24,-114.2879028,63.39672852,-16.37665129,2.74160862,10.97386837,2.742417906,10.38487663,-13.63423338,-5.991774654
25,-114.2879028,63.39672852,-16.42197979,2.74160862,10.97386837,2.741212947,10.32506427,-13.68076684,-6.096915517
26,-114.2879028,63.39672852,-16.46730829,2.74160862,10.97386837,2.740007988,10.26525191,-13.7273003,-6.20205638
27,-114.2879028,63.39672852,-16.49415065,2.74160862,10.97386837,2.7398351,10.2055432,-13.75431555,-6.288607446
28,-114.2879028,63.39672852,-16.52099301,2.74160862,10.97386837,2.739662213,10.1458345,-13.78133079,-6.375158511
29,-114.2879028,63.39672852,-16.54783537,2.74160862,10.97386837,2.739489326,10.08612579,-13.80834604,-6.461709577
30,-114.2879028,63.39672852,-16.57467773,2.74160862,10.97386837,2.739316439,10.02641708,-13.83536129,-6.548260642
31,-114.2879028,63.39672852,-16.60152009,2.74160862,10.97386837,2.739143552,9.966708379,-13.86237653,-6.634811708
32,-114.2879028,63.39672852,-16.62836245,2.736659288,8.930996895,2.738970664,9.906999673,-13.88939178,-6.721362773
33,-114.2879028,63.39672852,-16.65520481,2.736659288,8.930996895,2.738797777,9.847290966,-13.91640703,-6.807913839
34,-114.2879028,63.39672852,-16.68204716,2.736659288,8.930996895,2.73862489,9.78758226,-13.94342227,-6.894464904
35,-114.2879028,63.39672852,-16.70888952,2.736659288,8.930996895,2.738452003,9.727873554,-13.97043752,-6.98101597
36,-114.2879028,63.39672852,-16.73573188,2.736659288,8.930996895,2.738279116,9.668164848,-13.99745277,-7.067567035
37,-114.2879028,63.39672852,-16.7393618,2.736659288,8.930996895,2.733863577,9.599358583,-14.00549823,-7.140003222
38,-114.2879028,63.39672852,-16.74299173,2.736659288,8.930996895,2.729448038,9.530552317,-14.01354369,-7.212439409
39,-114.2879028,63.39672852,-16.74662165,2.736659288,8.930996895,2.725032499,9.461746051,-14.02158915,-7.284875596
40,-114.2879028,63.39672852,-16.75025157,2.736659288,8.930996895,2.720616961,9.392939785,-14.02963461,-7.357311783
41,-114.2879028,63.39672852,-16.75388149,2.736659288,8.930996895,2.716201422,9.324133519,-14.03768007,-7.42974797
42,-114.2879028,63.39672852,-16.75751141,2.736659288,8.930996895,2.711785883,9.255327253,-14.04572553,-7.502184156
43,-114.2879028,63.39672852,-16.76114133,2.736659288,8.930996895,2.707370344,9.186520988,-14.05377099,-7.574620343
44,-114.2879028,63.39672852,-16.76477125,2.736659288,8.930996895,2.702954806,9.117714722,-14.06181645,-7.64705653
45,-114.2879028,63.39672852,-16.76840117,2.736659288,8.930996895,2.698539267,9.048908456,-14.06986191,-7.719492717
46,-114.2879028,63.39672852,-16.77203109,2.736659288,8.930996895,2.694123728,8.98010219,-14.07790737,-7.791928904
47,-114.2879028,63.39672852,-16.74474483,2.736659288,8.930996895,2.679497373,8.929685707,-14.06524746,-7.815059124
48,-114.2879028,63.39672852,-16.71745857,2.736659288,8.930996895,2.664871017,8.879269223,-14.05258755,-7.838189344
49,-114.2879028,63.39672852,-16.6901723,2.736659288,8.930996895,2.650244662,8.828852739,-14.03992764,-7.861319563
50,-114.2879028,63.39672852,-16.66288604,2.736659288,8.930996895,2.635618306,8.778436256,-14.02726773,-7.884449783
51,-114.2879028,63.39672852,-16.63559978,2.736659288,8.930996895,2.620991951,8.728019772,-14.01460782,-7.907580003
52,-114.2879028,63.39672852,-16.60831351,2.736659288,8.930996895,2.606365596,8.677603289,-14.00194792,-7.930710223
53,-114.2879028,63.39672852,-16.58102725,2.736659288,8.930996895,2.59173924,8.627186805,-13.98928801,-7.953840443
54,-114.2879028,63.39672852,-16.55374098,2.736659288,8.930996895,2.577112885,8.576770321,-13.9766281,-7.976970663
55,-114.2879028,63.39672852,-16.52645472,2.736659288,8.930996895,2.562486529,8.526353838,-13.96396819,-8.000100882
56,-114.2879028,63.39672852,-16.49916846,2.736659288,8.930996895,2.547860174,8.475937354,-13.95130828,-8.023231102
57,-114.2879028,63.39672852,-16.4347774,2.736659288,8.930996895,2.530932851,8.433084047,-13.90384455,-8.001693356
58,-114.2879028,63.39672852,-16.37038635,2.736659288,8.930996895,2.514005528,8.39023074,-13.85638082,-7.980155609
59,-114.2879028,63.39672852,-16.30599529,2.736659288,8.930996895,2.497078206,8.347377432,-13.80891709,-7.958617862
60,-114.2879028,63.39672852,-16.24160424,2.736659288,8.930996895,2.480150883,8.304524125,-13.76145336,-7.937080116
61,-114.2879028,63.39672852,-16.17721319,2.221211433,7.620855808,2.46322356,8.261670818,-13.71398963,-7.915542369
62,-114.2879028,63.39672852,-16.11282213,2.221211433,7.620855808,2.446296238,8.218817511,-13.6665259,-7.894004622
63,-114.2879028,63.39672852,-16.04843108,2.221211433,7.620855808,2.429368915,8.175964203,-13.61906216,-7.872466876
64,-114.2879028,63.39672852,-15.98404002,2.221211433,7.620855808,2.412441592,8.133110896,-13.57159843,-7.850929129
65,-114.2879028,63.39672852,-15.91964897,2.221211433,7.620855808,2.395514269,8.090257589,-13.5241347,-7.829391382
66,-114.2879028,63.39672852,-15.85525792,2.221211433,7.620855808,2.378586947,8.047404282,-13.47667097,-7.807853636
67,-114.2879028,63.39672852,-15.75163664,2.221211433,7.620855808,2.361505186,8.002714997,-13.39013146,-7.748921647
68,-114.2879028,63.39672852,-15.64801537,2.221211433,7.620855808,2.344423426,7.958025713,-13.30359194,-7.689989658
69,-114.2879028,63.39672852,-15.5443941,2.221211433,7.620855808,2.327341666,7.913336428,-13.21705243,-7.631057669
70,-114.2879028,63.39672852,-15.44077282,2.221211433,7.620855808,2.310259905,7.868647144,-13.13051292,-7.57212568
71,-114.2879028,63.39672852,-15.33715155,2.221211433,7.620855808,2.293178145,7.823957859,-13.04397341,-7.513193691
72,-114.2879028,63.39672852,-15.23353028,2.221211433,7.620855808,2.276096384,7.779268575,-12.95743389,-7.454261703
73,-114.2879028,63.39672852,-15.129909,2.221211433,7.620855808,2.259014624,7.73457929,-12.87089438,-7.395329714
74,-114.2879028,63.39672852,-15.02628773,2.221211433,7.620855808,2.241932864,7.689890006,-12.78435487,-7.336397725
75,-114.2879028,63.39672852,-14.92266646,2.221211433,7.620855808,2.224851103,7.645200722,-12.69781535,-7.277465736
76,-114.2879028,63.39672852,-14.81904518,2.221211433,7.620855808,2.207769343,7.600511437,-12.61127584,-7.218533747
77,-114.2879028,63.39672852,-14.68303921,2.221211433,7.620855808,2.167072018,7.544744684,-12.51596719,-7.138294526
78,-114.2879028,63.39672852,-14.54703324,2.221211433,7.620855808,2.126374693,7.488977931,-12.42065854,-7.058055306
79,-114.2879028,63.39672852,-14.41102726,2.221211433,7.620855808,2.085677369,7.433211178,-12.32534989,-6.977816085
80,-114.2879028,63.39672852,-14.27502129,2.221211433,7.620855808,2.044980044,7.377444426,-12.23004125,-6.897576864
81,-114.2879028,63.39672852,-14.13901532,2.221211433,7.620855808,2.004282719,7.321677673,-12.1347326,-6.817337643
82,-114.2879028,63.39672852,-14.00300934,2.221211433,7.620855808,1.963585394,7.26591092,-12.03942395,-6.737098422
83,-114.2879028,63.39672852,-13.86700337,2.221211433,7.620855808,1.92288807,7.210144167,-11.9441153,-6.656859202
84,-114.2879028,63.39672852,-13.73099739,2.221211433,7.620855808,1.882190745,7.154377414,-11.84880665,-6.576619981
85,-114.2879028,63.39672852,-13.59499142,2.221211433,7.620855808,1.84149342,7.098610661,-11.753498,-6.49638076
86,-114.2879028,63.39672852,-13.45898545,2.221211433,7.620855808,1.800796096,7.042843908,-11.65818935,-6.416141539
87,-114.2879028,63.39672852,-13.30059833,2.221211433,7.620855808,1.76584816,6.99036913,-11.53475017,-6.310229195
88,-114.2879028,63.39672852,-13.1422112,2.221211433,7.620855808,1.730900225,6.937894351,-11.41131098,-6.204316851
89,-114.2879028,63.39672852,-12.98382408,2.221211433,7.620855808,1.695952289,6.885419573,-11.28787179,-6.098404507
90,-114.2879028,63.39672852,-12.82543696,2.221211433,7.620855808,1.661004353,6.832944794,-11.1644326,-5.992492163
91,-114.2879028,63.39672852,-12.66704984,2.221211433,7.620855808,1.626056418,6.780470016,-11.04099342,-5.886579819
92,-114.2879028,63.39672852,-12.50866271,0.96791023,5.85799551,1.591108482,6.727995238,-10.91755423,-5.780667476
93,-114.2879028,63.39672852,-12.35027559,0.96791023,5.85799551,1.556160547,6.675520459,-10.79411504,-5.674755132
94,-114.2879028,63.39672852,-12.19188847,0.96791023,5.85799551,1.521212611,6.623045681,-10.67067586,-5.568842788
95,-114.2879028,63.39672852,-12.03350135,0.96791023,5.85799551,1.486264676,6.570570902,-10.54723667,-5.462930444
96,-114.2879028,63.39672852,-11.87511422,0.96791023,5.85799551,1.45131674,6.518096124,-10.42379748,-5.3570181
97,-114.2879028,63.39672852,-11.6999853,0.96791023,5.85799551,1.410178504,6.474190559,-10.28980679,-5.225794739
98,-114.2879028,63.39672852,-11.52485637,0.96791023,5.85799551,1.369040269,6.430284995,-10.15581611,-5.094571379
99,-114.2879028,63.39672852,-11.34972745,0.96791023,5.85799551,1.327902033,6.38637943,-10.02182542,-4.963348019
100,-114.2879028,63.39672852,-11.17459852,0.96791023,5.85799551,1.286763797,6.342473866,-9.887834727,-4.832124658
101,-114.2879028,63.39672852,-10.9994696,0.96791023,5.85799551,1.245625561,6.298568301,-9.753844038,-4.700901298
102,-114.2879028,63.39672852,-10.82434067,0.96791023,5.85799551,1.204487325,6.254662736,-9.619853349,-4.569677938
103,-114.2879028,63.39672852,-10.64921175,0.96791023,5.85799551,1.163349089,6.210757172,-9.48586266,-4.438454577
104,-114.2879028,63.39672852,-10.47408282,0.96791023,5.85799551,1.122210853,6.166851607,-9.351871972,-4.307231217
105,-114.2879028,63.39672852,-10.2989539,0.96791023,5.85799551,1.081072617,6.122946043,-9.217881283,-4.176007857
106,-114.2879028,63.39672852,-10.12382497,0.96791023,5.85799551,1.039934381,6.079040478,-9.083890594,-4.044784497
107,-114.2879028,63.39672852,-9.933837586,0.96791023,5.85799551,1.075578953,6.101111358,-8.858258633,-3.832726228
108,-114.2879028,63.39672852,-9.743850197,0.96791023,5.85799551,1.111223524,6.123182238,-8.632626673,-3.620667959
109,-114.2879028,63.39672852,-9.553862808,0.96791023,5.85799551,1.146868096,6.145253117,-8.406994712,-3.408609691
110,-114.2879028,63.39672852,-9.363875419,0.96791023,5.85799551,1.182512667,6.167323997,-8.181362752,-3.196551422
111,-113.6584015,63.42308044,-9.17388803,0.96791023,5.85799551,1.218157239,6.189394877,-7.955730791,-2.984493153
112,-113.6584015,63.42308044,-8.983900641,0.96791023,5.85799551,1.25380181,6.211465757,-7.730098831,-2.772434885
113,-113.6584015,63.42308044,-8.793913252,0.96791023,5.85799551,1.289446382,6.233536636,-7.50446687,-2.560376616
114,-113.0792999,63.72888947,-8.603925863,1.196047902,6.024641514,1.325090953,6.255607516,-7.27883491,-2.348318347
115,-113.0792999,63.72888947,-8.413938474,1.196047902,6.024641514,1.360735525,6.277678396,-7.053202949,-2.136260078
116,-113.0792999,63.72888947,-8.223951085,1.196047902,6.024641514,1.396380096,6.299749275,-6.827570989,-1.92420181
117,-113.1315002,64.01030731,-8.008501225,1.196047902,6.024641514,1.443297578,6.343851793,-6.565203647,-1.664649432
118,-113.1315002,64.01030731,-7.793051365,1.196047902,6.024641514,1.49021506,6.38795431,-6.302836305,-1.405097055
119,-113.1315002,64.01030731,-7.577601505,1.196047902,6.024641514,1.537132542,6.432056828,-6.040468963,-1.145544677
120,-112.5370026,64.31334686,-7.362151645,1.196047902,6.024641514,1.584050024,6.476159345,-5.778101621,-0.8859923
121,-112.5370026,64.31334686,-7.146701785,1.196047902,6.024641514,1.630967506,6.520261863,-5.515734279,-0.626439922
122,-112.5370026,64.31334686,-6.931251925,2.225637674,6.666966915,1.677884988,6.56436438,-5.253366937,-0.366887545
123,-111.9313965,64.61380005,-6.715802065,2.461041927,7.108729362,1.72480247,6.608466898,-4.990999595,-0.107335167
124,-111.9313965,64.61380005,-6.500352205,2.461041927,7.108729362,1.771719952,6.652569415,-4.728632252,0.15221721
125,-111.9313965,64.61380005,-6.284902345,2.461041927,7.108729362,1.818637434,6.696671933,-4.46626491,0.411769588
126,-111.2764969,64.63110352,-6.069452485,2.487787724,7.192307472,1.865554916,6.74077445,-4.203897568,0.671321965
127,-111.2764969,64.63110352,-5.807726314,2.487787724,7.192307472,1.916574727,6.780719904,-3.891151587,0.97299359
128,-111.2764969,64.63110352,-5.546000143,2.487787724,7.192307472,1.967594537,6.820665358,-3.578405606,1.274665216
129,-110.6529999,64.92655945,-5.284273972,2.487787724,7.192307472,2.018614347,6.860610812,-3.265659625,1.576336841
130,-110.6529999,64.92655945,-5.022547801,2.487787724,7.192307472,2.069634157,6.900556267,-2.952913643,1.878008466
131,-110.6529999,64.92655945,-4.76082163,2.487787724,7.192307472,2.120653967,6.940501721,-2.640167662,2.179680091
132,-110.6856003,65.2067337,-4.499095459,2.487787724,7.192307472,2.171673778,6.980447175,-2.327421681,2.481351716
133,-110.6856003,65.2067337,-4.237369288,2.487787724,7.192307472,2.222693588,7.020392629,-2.0146757,2.783023341
134,-110.6856003,65.2067337,-3.975643117,2.487787724,7.192307472,2.273713398,7.060338083,-1.701929719,3.084694966
135,-111.3919983,65.47126007,-3.713916946,2.487787724,7.192307472,2.324733208,7.100283537,-1.389183737,3.386366592
136,-111.3919983,65.47126007,-3.452190775,2.487787724,7.192307472,2.375753018,7.140228991,-1.076437756,3.688038217
137,-111.3919983,65.47126007,-3.131138731,2.487787724,7.192307472,2.391148453,7.154732282,-0.739990278,4.023593551
138,-111.4319,65.75035858,-2.810086688,2.563974142,7.295869827,2.406543888,7.169235573,-0.4035428,4.359148885
139,-111.4319,65.75035858,-2.489034645,2.563974142,7.295869827,2.421939323,7.183738864,-0.067095322,4.694704219
140,-111.4319,65.75035858,-2.167982602,2.563974142,7.295869827,2.437334758,7.198242155,0.269352155,5.030259553
141,-111.4726028,66.02896881,-1.846930559,2.563974142,7.295869827,2.452730192,7.212745446,0.605799633,5.365814886
142,-111.4726028,66.02896881,-1.525878516,2.563974142,7.295869827,2.468125627,7.227248737,0.942247111,5.70137022
143,-111.4726028,66.02896881,-1.204826473,2.563974142,7.295869827,2.483521062,7.241752027,1.278694589,6.036925554
144,-110.822197,66.32259369,-0.88377443,2.563974142,7.295869827,2.498916497,7.256255318,1.615142067,6.372480888
145,-110.822197,66.32259369,-0.562722387,2.563974142,7.295869827,2.514311932,7.270758609,1.951589545,6.708036222
146,-110.822197,66.32259369,-0.241670344,2.563974142,7.295869827,2.529707366,7.2852619,2.288037023,7.043591556
147,-110.1588974,66.61332703,0.12132507,2.618224859,7.456746101,2.525260421,7.281569507,2.646585491,7.402894577
148,-110.1588974,66.61332703,0.484320484,2.618224859,7.456746101,2.520813476,7.277877114,3.00513396,7.762197598
149,-110.1588974,66.61332703,0.847315898,2.618224859,7.456746101,2.516366531,7.27418472,3.363682429,8.121500619
150,-110.188797,66.89063263,1.210311312,2.618224859,7.456746101,2.511919586,7.270492327,3.722230898,8.480803639
151,-110.188797,66.89063263,1.573306726,2.618224859,7.456746101,2.507472641,7.266799934,4.080779367,8.84010666
152,-110.188797,66.89063263,1.93630214,2.618224859,7.456746101,2.503025696,7.263107541,4.439327836,9.199409681
153,-110.2192001,67.16739655,2.299297554,2.451334953,7.250707626,2.498578751,7.259415147,4.797876305,9.558712702
154,-110.2192001,67.16739655,2.662292968,2.451334953,7.250707626,2.494131806,7.255722754,5.156424774,9.918015723
155,-110.2192001,67.16739655,3.025288382,2.451334953,7.250707626,2.489684861,7.252030361,5.514973243,10.27731874
156,-110.2192001,67.16739655,3.388283796,2.451334953,7.250707626,2.485237916,7.248337968,5.873521712,10.63662176
157,-110.2192001,67.16739655,3.743649986,2.451334953,7.250707626,2.475245246,7.229103625,6.218895231,10.97275361
158,-110.2192001,67.16739655,4.099016175,2.451334953,7.250707626,2.465252576,7.209869283,6.564268751,11.30888546
159,-110.2192001,67.16739655,4.454382364,2.451334953,7.250707626,2.455259906,7.190634941,6.90964227,11.6450173
160,-110.2192001,67.16739655,4.809748553,2.451334953,7.250707626,2.445267237,7.171400598,7.255015789,11.98114915
161,-110.2192001,67.16739655,5.165114742,2.451334953,7.250707626,2.435274567,7.152166256,7.600389309,12.317281
162,-110.2192001,67.16739655,5.520480931,2.451334953,7.250707626,2.425281897,7.132931913,7.945762828,12.65341284
163,-110.2192001,67.16739655,5.87584712,2.451334953,7.250707626,2.415289227,7.113697571,8.291136347,12.98954469
164,-110.2192001,67.16739655,6.231213309,2.451334953,7.250707626,2.405296558,7.094463229,8.636509867,13.32567654
165,-110.2192001,67.16739655,6.586579498,2.451334953,7.250707626,2.395303888,7.075228886,8.981883386,13.66180838
166,-110.2192001,67.16739655,6.941945687,2.451334953,7.250707626,2.385311218,7.055994544,9.327256905,13.99794023
167,-110.9313965,67.15416718,7.261115531,2.390670061,7.08197403,2.365883246,6.996262882,9.626998778,14.25737841
168,-110.9313965,67.15416718,7.580285375,2.390670061,7.08197403,2.346455275,6.936531221,9.92674065,14.5168166
169,-110.9313965,67.15416718,7.899455219,2.390670061,7.08197403,2.327027303,6.87679956,10.22648252,14.77625478
170,-111.6428986,67.13831329,8.218625064,2.331786156,6.930094719,2.307599331,6.817067898,10.52622439,15.03569296
171,-111.6428986,67.13831329,8.537794908,2.331786156,6.930094719,2.288171359,6.757336237,10.82596627,15.29513114
172,-111.6428986,67.13831329,8.856964752,2.331786156,6.930094719,2.268743387,6.697604575,11.12570814,15.55456933
173,-111.5990982,66.861763,9.176134596,2.331786156,6.930094719,2.249315415,6.637872914,11.42545001,15.81400751
174,-111.5990982,66.861763,9.49530444,2.331786156,6.930094719,2.229887443,6.578141253,11.72519188,16.07344569
175,-111.5990982,66.861763,9.814474284,2.331786156,6.930094719,2.210459472,6.518409591,12.02493376,16.33288388
176,-111.5561981,66.58468628,10.13364413,2.331786156,6.930094719,2.1910315,6.45867793,12.32467563,16.59232206
177,-111.5561981,66.58468628,10.38191588,2.331786156,6.930094719,2.170883044,6.390824089,12.55279892,16.77273997
178,-111.5561981,66.58468628,10.63018763,2.331786156,6.930094719,2.150734589,6.322970248,12.78092222,16.95315788
179,-111.5139999,66.30708313,10.87845938,2.242215157,6.5587883,2.130586134,6.255116407,13.00904552,17.13357579
180,-111.5139999,66.30708313,11.12673113,2.242215157,6.5587883,2.110437678,6.187262566,13.23716881,17.3139937
181,-111.5139999,66.30708313,11.37500288,2.242215157,6.5587883,2.090289223,6.119408725,13.46529211,17.49441161
182,-112.157402,66.01101685,11.62327464,2.242215157,6.5587883,2.070140768,6.051554884,13.6934154,17.67482952
183,-112.157402,66.01101685,11.87154639,1.759655476,4.875080585,2.049992312,5.983701043,13.9215387,17.85524743
184,-112.157402,66.01101685,12.11981814,1.759655476,4.875080585,2.029843857,5.915847202,14.14966199,18.03566534
185,-112.157402,66.01101685,12.36808989,1.759655476,4.875080585,2.009695401,5.847993361,14.37778529,18.21608325
186,-112.157402,66.01101685,12.61636164,1.759655476,4.875080585,1.989546946,5.78013952,14.60590859,18.39650116
187,-112.157402,66.01101685,12.75044899,1.759655476,4.875080585,1.971759144,5.717217639,14.72220813,18.46766663
188,-112.157402,66.01101685,12.88453633,1.759655476,4.875080585,1.953971342,5.654295759,14.83850768,18.53883209
189,-112.157402,66.01101685,13.01862368,1.759655476,4.875080585,1.93618354,5.591373878,14.95480722,18.60999756
190,-112.157402,66.01101685,13.15271103,1.759655476,4.875080585,1.918395738,5.528451997,15.07110676,18.68116302
191,-112.157402,66.01101685,13.28679837,1.759655476,4.875080585,1.900607936,5.465530117,15.18740631,18.75232849
192,-112.157402,66.01101685,13.42088572,1.759655476,4.875080585,1.882820134,5.402608236,15.30370585,18.82349396
193,-112.157402,66.01101685,13.55497307,1.759655476,4.875080585,1.865032332,5.339686355,15.4200054,18.89465942
194,-112.157402,66.01101685,13.68906041,1.759655476,4.875080585,1.84724453,5.276764475,15.53630494,18.96582489
195,-112.157402,66.01101685,13.82314776,1.759655476,4.875080585,1.829456728,5.213842594,15.65260449,19.03699035
196,-112.157402,66.01101685,13.95723511,1.759655476,4.875080585,1.811668926,5.150920714,15.76890403,19.10815582
197,-112.157402,66.01101685,13.97144573,1.759655476,4.875080585,1.800099666,5.126512015,15.77154539,19.09795774
198,-112.1104965,65.73255157,13.98565635,1.759655476,4.875080585,1.788530406,5.102103316,15.77418675,19.08775967
199,-112.1104965,65.73255157,13.99986697,1.759655476,4.875080585,1.776961146,5.077694618,15.77682812,19.07756159
200,-112.1104965,65.73255157,14.01407759,1.759655476,4.875080585,1.765391885,5.053285919,15.77946948,19.06736351
201,-112.1104965,65.73255157,14.02828821,1.759655476,4.875080585,1.753822625,5.028877221,15.78211084,19.05716543
202,-112.1104965,65.73255157,14.04249883,1.759655476,4.875080585,1.742253365,5.004468522,15.7847522,19.04696736
203,-112.1104965,65.73255157,14.05670945,1.759655476,4.875080585,1.730684105,4.980059824,15.78739356,19.03676928
204,-112.1104965,65.73255157,14.07092008,1.759655476,4.875080585,1.719114844,4.955651125,15.79003492,19.0265712
205,-112.1104965,65.73255157,14.0851307,1.759655476,4.875080585,1.707545584,4.931242426,15.79267628,19.01637312
206,-112.1104965,65.73255157,14.09934132,1.759655476,4.875080585,1.695976324,4.906833728,15.79531764,19.00617505
207,-112.1104965,65.73255157,14.0268898,1.759655476,4.875080585,1.687866851,4.910814936,15.71475665,18.93770473
208,-112.1104965,65.73255157,13.95443828,1.759655476,4.875080585,1.679757378,4.914796145,15.63419566,18.86923442
209,-112.1104965,65.73255157,13.88198676,1.759655476,4.875080585,1.671647905,4.918777354,15.55363466,18.80076411
210,-112.1104965,65.73255157,13.80953524,1.759655476,4.875080585,1.663538432,4.922758562,15.47307367,18.7322938
211,-112.1104965,65.73255157,13.73708372,1.759655476,4.875080585,1.65542896,4.926739771,15.39251268,18.66382349
212,-112.1104965,65.73255157,13.6646322,1.759655476,4.875080585,1.647319487,4.930720979,15.31195168,18.59535318
213,-112.1104965,65.73255157,13.59218068,1.759655476,4.875080585,1.639210014,4.934702188,15.23139069,18.52688286
214,-112.0644989,65.45358276,13.51972916,1.50944519,4.998618126,1.631100541,4.938683397,15.1508297,18.45841255
215,-112.0644989,65.45358276,13.44727764,1.50944519,4.998618126,1.622991068,4.942664605,15.0702687,18.38994224
216,-112.0644989,65.45358276,13.37482612,1.50944519,4.998618126,1.614881595,4.946645814,14.98970771,18.32147193
217,-112.0644989,65.45358276,13.24771983,1.50944519,4.998618126,1.607760199,4.951502344,14.85548003,18.19922218
218,-112.0644989,65.45358276,13.12061355,1.50944519,4.998618126,1.600638803,4.956358874,14.72125235,18.07697242
219,-112.0644989,65.45358276,12.99350726,1.50944519,4.998618126,1.593517406,4.961215404,14.58702467,17.95472267
220,-112.0644989,65.45358276,12.86640098,1.50944519,4.998618126,1.58639601,4.966071934,14.45279699,17.83247291
221,-112.0644989,65.45358276,12.73929469,1.50944519,4.998618126,1.579274613,4.970928464,14.31856931,17.71022316
222,-112.0644989,65.45358276,12.61218841,1.50944519,4.998618126,1.572153217,4.975784994,14.18434163,17.5879734
223,-112.0644989,65.45358276,12.48508213,1.50944519,4.998618126,1.56503182,4.980641524,14.05011395,17.46572365
224,-112.0644989,65.45358276,12.35797584,1.50944519,4.998618126,1.557910424,4.985498054,13.91588627,17.3434739
225,-112.0644989,65.45358276,12.23086956,1.50944519,4.998618126,1.550789028,4.990354584,13.78165858,17.22122414
226,-112.0644989,65.45358276,12.10376327,1.50944519,4.998618126,1.543667631,4.995211114,13.6474309,17.09897439
227,-112.0644989,65.45358276,11.93178375,1.50944519,4.998618126,1.542325836,5.006644692,13.47410959,16.93842845
228,-112.0644989,65.45358276,11.75980423,1.50944519,4.998618126,1.540984041,5.018078271,13.30078827,16.7778825
229,-112.0644989,65.45358276,11.58782471,1.50944519,4.998618126,1.539642246,5.029511849,13.12746696,16.61733656
230,-112.0644989,65.45358276,11.41584519,1.50944519,4.998618126,1.538300451,5.040945428,12.95414565,16.45679062
231,-112.0644989,65.45358276,11.24386567,1.50944519,4.998618126,1.536958656,5.052379006,12.78082433,16.29624468
232,-112.0644989,65.45358276,11.07188616,1.50944519,4.998618126,1.535616861,5.063812585,12.60750302,16.13569874
233,-112.0644989,65.45358276,10.89990664,1.50944519,4.998618126,1.534275066,5.075246163,12.4341817,15.9751528
234,-112.0644989,65.45358276,10.72792712,1.50944519,4.998618126,1.532933271,5.086679742,12.26086039,15.81460686
235,-112.0644989,65.45358276,10.5559476,1.50944519,4.998618126,1.531591476,5.09811332,12.08753907,15.65406092
236,-112.0644989,65.45358276,10.38396808,1.50944519,4.998618126,1.530249681,5.109546899,11.91421776,15.49351498
237,-112.0644989,65.45358276,10.18083032,1.50944519,4.998618126,1.53275812,5.123992679,11.71358844,15.304823
238,-112.0644989,65.45358276,9.977692573,1.50944519,4.998618126,1.53526656,5.138438459,11.51295913,15.11613103
239,-112.0644989,65.45358276,9.774554821,1.50944519,4.998618126,1.537775,5.15288424,11.31232982,14.92743906
240,-112.0644989,65.45358276,9.57141707,1.50944519,4.998618126,1.540283439,5.16733002,11.11170051,14.73874709
241,-112.0644989,65.45358276,9.368279318,1.50944519,4.998618126,1.542791879,5.1817758,10.9110712,14.55005512
242,-112.0644989,65.45358276,9.165141566,1.50944519,4.998618126,1.545300318,5.196221581,10.71044188,14.36136315
243,-112.0644989,65.45358276,8.962003815,1.50944519,4.998618126,1.547808758,5.210667361,10.50981257,14.17267118
244,-112.0644989,65.45358276,8.758866063,1.50944519,4.998618126,1.550317198,5.225113141,10.30918326,13.9839792
245,-112.0644989,65.45358276,8.555728311,1.596662641,5.474997044,1.552825637,5.239558921,10.10855395,13.79528723
246,-112.0644989,65.45358276,8.35259056,1.596662641,5.474997044,1.555334077,5.254004702,9.907924637,13.60659526
247,-112.0644989,65.45358276,8.14023628,1.596662641,5.474997044,1.558496879,5.26907183,9.698733159,13.40930811
248,-112.0644989,65.45358276,7.927882,1.596662641,5.474997044,1.561659681,5.284138958,9.489541681,13.21202096
249,-112.0644989,65.45358276,7.71552772,1.596662641,5.474997044,1.564822483,5.299206086,9.280350203,13.01473381
250,-112.0644989,65.45358276,7.50317344,1.596662641,5.474997044,1.567985284,5.314273214,9.071158724,12.81744665
251,-112.0194016,65.17411804,7.29081916,1.596662641,5.474997044,1.571148086,5.329340342,8.861967246,12.6201595
252,-112.0194016,65.17411804,7.07846488,1.596662641,5.474997044,1.574310888,5.34440747,8.652775768,12.42287235
253,-112.0194016,65.17411804,6.8661106,1.596662641,5.474997044,1.57747369,5.359474598,8.44358429,12.2255852
254,-112.0194016,65.17411804,6.65375632,1.596662641,5.474997044,1.580636492,5.374541727,8.234392812,12.02829805
255,-112.0194016,65.17411804,6.44140204,1.596662641,5.474997044,1.583799293,5.389608855,8.025201334,11.8310109
256,-112.634903,64.87429047,6.229047761,1.587217569,5.449665546,1.586962095,5.404675983,7.816009856,11.63372374
257,-112.634903,64.87429047,6.012095116,1.587217569,5.449665546,1.598616419,5.427825681,7.610711535,11.4399208
258,-112.634903,64.87429047,5.795142472,1.587217569,5.449665546,1.610270743,5.450975379,7.405413214,11.24611785
259,-112.634903,64.87429047,5.578189827,1.587217569,5.449665546,1.621925067,5.474125078,7.200114894,11.0523149
260,-112.634903,64.87429047,5.361237182,1.587217569,5.449665546,1.63357939,5.497274776,6.994816573,10.85851196
261,-113.2938995,64.85192108,5.144284538,1.587217569,5.449665546,1.645233714,5.520424474,6.789518252,10.66470901
262,-113.2938995,64.85192108,4.927331893,1.587217569,5.449665546,1.656888038,5.543574173,6.584219931,10.47090607
263,-113.2938995,64.85192108,4.710379249,1.587217569,5.449665546,1.668542362,5.566723871,6.378921611,10.27710312
264,-113.2938995,64.85192108,4.493426604,1.587217569,5.449665546,1.680196686,5.589873569,6.17362329,10.08330017
265,-113.2938995,64.85192108,4.27647396,1.587217569,5.449665546,1.691851009,5.613023268,5.968324969,9.889497227
266,-113.9518967,64.8270874,4.059521315,1.580248594,5.423156738,1.703505333,5.636172966,5.763026648,9.695694281
267,-113.9518967,64.8270874,3.828957981,1.580248594,5.423156738,1.719169615,5.662509042,5.548127596,9.491467023
268,-113.9518967,64.8270874,3.598394647,1.580248594,5.423156738,1.734833897,5.688845118,5.333228543,9.287239764
269,-113.9518967,64.8270874,3.367831312,1.580248594,5.423156738,1.750498179,5.715181193,5.118329491,9.083012506
270,-113.9518967,64.8270874,3.137267978,1.580248594,5.423156738,1.766162461,5.741517269,4.903430439,8.878785247
271,-114.608902,64.7997818,2.906704643,1.564937353,5.388634682,1.781826743,5.767853345,4.688531386,8.674557989
272,-114.608902,64.7997818,2.676141309,1.564937353,5.388634682,1.797491025,5.794189421,4.473632334,8.47033073
273,-114.608902,64.7997818,2.445577975,1.564937353,5.388634682,1.813155307,5.820525497,4.258733281,8.266103472
274,-114.608902,64.7997818,2.21501464,1.564937353,5.388634682,1.828819588,5.846861573,4.043834229,8.061876213
275,-114.608902,64.7997818,1.984451306,2.252147198,6.656612396,1.84448387,5.873197649,3.828935176,7.857648955
276,-115.1925964,64.49051666,1.753887972,2.101801395,6.295010567,1.860148152,5.899533725,3.614036124,7.653421696
277,-115.1925964,64.49051666,1.504926879,2.101801395,6.295010567,1.87916237,5.932486196,3.38408925,7.437413076
278,-115.1925964,64.49051666,1.255965787,2.101801395,6.295010567,1.898176589,5.965438668,3.154142375,7.221404455
279,-115.1925964,64.49051666,1.007004694,2.101801395,6.295010567,1.917190807,5.99839114,2.924195501,7.005395834
280,-115.1925964,64.49051666,0.758043602,2.101801395,6.295010567,1.936205025,6.031343612,2.694248627,6.789387213
281,-115.7651978,64.17881012,0.509082509,2.079952717,6.248015404,1.955219243,6.064296083,2.464301752,6.573378593
282,-115.7651978,64.17881012,0.260121417,2.079952717,6.248015404,1.974233461,6.097248555,2.234354878,6.357369972
283,-115.7651978,64.17881012,0.011160325,2.079952717,6.248015404,1.993247679,6.130201027,2.004408004,6.141361351
284,-115.7651978,64.17881012,-0.237800768,2.079952717,6.248015404,2.012261897,6.163153498,1.774461129,5.925352731
285,-115.7651978,64.17881012,-0.48676186,2.079952717,6.248015404,2.031276115,6.19610597,1.544514255,5.70934411
286,-115.6902008,63.89862061,-0.735722953,2.079952717,6.248015404,2.050290333,6.229058442,1.314567381,5.493335489
287,-115.6902008,63.89862061,-0.998282795,2.079952717,6.248015404,2.087469013,6.336017145,1.089186218,5.337734349
288,-115.6902008,63.89862061,-1.260842638,2.079952717,6.248015404,2.124647692,6.442975847,0.863805055,5.18213321
289,-115.6902008,63.89862061,-1.52340248,2.079952717,6.248015404,2.161826372,6.54993455,0.638423892,5.02653207
290,-115.6902008,63.89862061,-1.785962323,2.079952717,6.248015404,2.199005052,6.656893252,0.413042729,4.87093093
291,-115.6164017,63.61798096,-2.048522165,2.079952717,6.248015404,2.236183731,6.763851955,0.187661566,4.71532979
292,-115.6164017,63.61798096,-2.311082007,2.079952717,6.248015404,2.273362411,6.870810658,-0.037719597,4.55972865
293,-115.6164017,63.61798096,-2.57364185,2.079952717,6.248015404,2.31054109,6.97776936,-0.26310076,4.40412751
294,-115.6164017,63.61798096,-2.836201692,2.079952717,6.248015404,2.34771977,7.084728063,-0.488481923,4.248526371
295,-115.6164017,63.61798096,-3.098761535,2.079952717,6.248015404,2.384898449,7.191686766,-0.713863085,4.092925231
296,-114.9164963,63.36801147,-3.361321377,1.971472025,5.968388081,2.422077129,7.298645468,-0.939244248,3.937324091
297,-114.9164963,63.36801147,-3.622491786,1.971472025,5.968388081,2.457354977,7.407497321,-1.165136809,3.785005535
298,-114.9164963,63.36801147,-3.883662194,1.971472025,5.968388081,2.492632825,7.516349173,-1.391029369,3.63268698
299,-114.9164963,63.36801147,-4.144832602,1.971472025,5.968388081,2.527910673,7.625201026,-1.616921929,3.480368424
300,-114.9164963,63.36801147,-4.40600301,1.971472025,5.968388081,2.563188521,7.734052879,-1.842814489,3.328049868
301,-114.2879028,63.39672852,-4.667173419,1.98903048,5.996058941,2.598466369,7.842904731,-2.068707049,3.175731313
302,-114.2879028,63.39672852,-4.928343827,1.98903048,5.996058941,2.633744217,7.951756584,-2.294599609,3.023412757
303,-114.2879028,63.39672852,-5.189514235,1.98903048,5.996058941,2.669022065,8.060608437,-2.52049217,2.871094202
304,-114.2879028,63.39672852,-5.450684643,1.98903048,5.996058941,2.704299914,8.169460289,-2.74638473,2.718775646
305,-114.2879028,63.39672852,-5.711855052,1.98903048,5.996058941,2.739577762,8.278312142,-2.97227729,2.56645709
306,-114.2879028,63.39672852,-5.97302546,3.302475214,10.05452061,2.77485561,8.387163995,-3.19816985,2.414138535
307,-114.2879028,63.39672852,-6.217739384,3.302475214,10.05452061,2.820255326,8.533138383,-3.397484059,2.315398999
308,-114.2879028,63.39672852,-6.462453309,3.302475214,10.05452061,2.865655042,8.679112772,-3.596798267,2.216659463
309,-114.2879028,63.39672852,-6.707167233,3.302475214,10.05452061,2.911054758,8.82508716,-3.796112475,2.117919927
310,-114.2879028,63.39672852,-6.951881158,3.302475214,10.05452061,2.956454474,8.971061549,-3.995426684,2.019180391
311,-114.2879028,63.39672852,-7.196595082,3.302475214,10.05452061,3.00185419,9.117035937,-4.194740892,1.920440855
312,-114.2879028,63.39672852,-7.441309007,3.302475214,10.05452061,3.047253906,9.263010326,-4.394055101,1.821701319
313,-114.2879028,63.39672852,-7.686022932,3.302475214,10.05452061,3.092653622,9.408984714,-4.593369309,1.722961783
314,-114.2879028,63.39672852,-7.930736856,3.302475214,10.05452061,3.138053338,9.554959103,-4.792683518,1.624222247
315,-114.2879028,63.39672852,-8.175450781,3.302475214,10.05452061,3.183453054,9.700933491,-4.991997726,1.525482711
316,-114.2879028,63.39672852,-8.420164705,3.302475214,10.05452061,3.228852771,9.84690788,-5.191311935,1.426743175
317,-114.2879028,63.39672852,-8.632480188,3.302475214,10.05452061,3.229626442,9.877919651,-5.402853746,1.245439463
318,-114.2879028,63.39672852,-8.844795671,3.302475214,10.05452061,3.230400114,9.908931423,-5.614395558,1.064135752
319,-114.2879028,63.39672852,-9.057111154,3.302475214,10.05452061,3.231173785,9.939943195,-5.825937369,0.882832041
320,-114.2879028,63.39672852,-9.269426637,3.302475214,10.05452061,3.231947457,9.970954967,-6.037479181,0.70152833
321,-114.2879028,63.39672852,-9.48174212,3.302475214,10.05452061,3.232721128,10.00196674,-6.249020992,0.520224618
322,-114.2879028,63.39672852,-9.694057603,3.302475214,10.05452061,3.2334948,10.03297851,-6.460562804,0.338920907
323,-114.2879028,63.39672852,-9.906373086,3.302475214,10.05452061,3.234268471,10.06399028,-6.672104615,0.157617196
324,-114.2879028,63.39672852,-10.11868857,3.302475214,10.05452061,3.235042143,10.09500205,-6.883646427,-0.023686515
325,-114.2879028,63.39672852,-10.33100405,3.302475214,10.05452061,3.235815814,10.12601383,-7.095188238,-0.204990227
326,-114.2879028,63.39672852,-10.54331954,3.302475214,10.05452061,3.236589486,10.1570256,-7.306730049,-0.386293938
327,-114.2879028,63.39672852,-10.71068003,3.302475214,10.05452061,3.222785394,10.1819685,-7.487894638,-0.528711535
328,-114.2879028,63.39672852,-10.87804053,3.302475214,10.05452061,3.208981302,10.2069114,-7.669059227,-0.671129132
329,-114.2879028,63.39672852,-11.04540103,3.302475214,10.05452061,3.195177211,10.2318543,-7.850223816,-0.813546728
330,-114.2879028,63.39672852,-11.21276152,3.302475214,10.05452061,3.181373119,10.2567972,-8.031388405,-0.955964325
331,-114.2879028,63.39672852,-11.38012202,3.302475214,10.05452061,3.167569027,10.2817401,-8.212552993,-1.098381922
332,-114.2879028,63.39672852,-11.54748252,3.302475214,10.05452061,3.153764935,10.306683,-8.393717582,-1.240799519
333,-114.2879028,63.39672852,-11.71484301,3.302475214,10.05452061,3.139960843,10.3316259,-8.574882171,-1.383217116
334,-114.2879028,63.39672852,-11.88220351,3.302475214,10.05452061,3.126156752,10.3565688,-8.75604676,-1.525634713
335,-114.2879028,63.39672852,-12.04956401,3.302475214,10.05452061,3.11235266,10.3815117,-8.937211348,-1.66805231
336,-114.2879028,63.39672852,-12.21692451,2.903468847,10.74233341,3.098548568,10.4064546,-9.118375937,-1.810469907
337,-114.2879028,63.39672852,-12.3387975,2.903468847,10.74233341,3.085976364,10.42807401,-9.252821141,-1.910723499
338,-114.2879028,63.39672852,-12.4606705,2.903468847,10.74233341,3.07340416,10.44969341,-9.387266345,-2.010977091
339,-114.2879028,63.39672852,-12.5825435,2.903468847,10.74233341,3.060831955,10.47131282,-9.521711549,-2.111230683
340,-114.2879028,63.39672852,-12.7044165,2.903468847,10.74233341,3.048259751,10.49293223,-9.656156752,-2.211484275
341,-114.2879028,63.39672852,-12.8262895,2.903468847,10.74233341,3.035687547,10.51455164,-9.790601956,-2.311737867
342,-114.2879028,63.39672852,-12.9481625,2.903468847,10.74233341,3.023115342,10.53617104,-9.92504716,-2.411991459
343,-114.2879028,63.39672852,-13.0700355,2.903468847,10.74233341,3.010543138,10.55779045,-10.05949236,-2.512245051
344,-114.2879028,63.39672852,-13.1919085,2.903468847,10.74233341,2.997970934,10.57940986,-10.19393757,-2.612498643
345,-114.2879028,63.39672852,-13.3137815,2.903468847,10.74233341,2.985398729,10.60102927,-10.32838277,-2.712752235
346,-114.2879028,63.39672852,-13.4356545,2.903468847,10.74233341,2.972826525,10.62264867,-10.46282797,-2.813005827
347,-114.2879028,63.39672852,-13.52563196,2.903468847,10.74233341,2.963031261,10.63861265,-10.56260069,-2.887019301
348,-114.2879028,63.39672852,-13.61560941,2.903468847,10.74233341,2.953235998,10.65457664,-10.66237341,-2.961032775
349,-114.2879028,63.39672852,-13.70558687,2.903468847,10.74233341,2.943440734,10.67054062,-10.76214613,-3.035046249
350,-114.2879028,63.39672852,-13.79556432,2.903468847,10.74233341,2.93364547,10.6865046,-10.86191885,-3.109059723
351,-114.2879028,63.39672852,-13.88554178,2.903468847,10.74233341,2.923850206,10.70246858,-10.96169157,-3.183073197
352,-114.2879028,63.39672852,-13.97551923,2.903468847,10.74233341,2.914054942,10.71843256,-11.06146429,-3.257086671
353,-114.2879028,63.39672852,-14.06549669,2.903468847,10.74233341,2.904259679,10.73439654,-11.16123701,-3.331100145
354,-114.2879028,63.39672852,-14.15547415,2.903468847,10.74233341,2.894464415,10.75036053,-11.26100973,-3.405113619
355,-114.2879028,63.39672852,-14.2454516,2.903468847,10.74233341,2.884669151,10.76632451,-11.36078245,-3.479127093
356,-114.2879028,63.39672852,-14.33542906,2.903468847,10.74233341,2.874873887,10.78228849,-11.46055517,-3.553140567
357,-114.2879028,63.39672852,-14.40978601,2.903468847,10.74233341,2.869392706,10.79030385,-11.5403933,-3.619482162
358,-114.2879028,63.39672852,-14.48414296,2.903468847,10.74233341,2.863911525,10.79831921,-11.62023144,-3.685823757
359,-114.2879028,63.39672852,-14.55849992,2.903468847,10.74233341,2.858430344,10.80633457,-11.70006957,-3.752165352
360,-114.2879028,63.39672852,-14.63285687,2.903468847,10.74233341,2.852949163,10.81434993,-11.77990771,-3.818506947
361,-114.2879028,63.39672852,-14.70721383,2.903468847,10.74233341,2.847467982,10.82236529,-11.85974584,-3.884848542
362,-114.2879028,63.39672852,-14.78157078,2.903468847,10.74233341,2.841986801,10.83038064,-11.93958398,-3.951190137
363,-114.2879028,63.39672852,-14.85592774,2.903468847,10.74233341,2.83650562,10.838396,-12.01942212,-4.017531732
364,-114.2879028,63.39672852,-14.93028469,2.903468847,10.74233341,2.831024439,10.84641136,-12.09926025,-4.083873327
365,-114.2879028,63.39672852,-15.00464164,2.903468847,10.74233341,2.825543258,10.85442672,-12.17909839,-4.150214922